,col
0,quality health safety environment
1,quality health environment safety
2,quality safety health environment
3,quality safety environment health
4,quality environment health safety
5,quality environment safety health
6,health quality safety environment
7,health quality environment safety
8,health safety quality environment
9,health safety environment quality
10,health environment quality safety
11,health environment safety quality
12,safety quality health environment
13,safety quality environment health
14,safety health quality environment
15,safety health environment quality
16,safety environment quality health
17,safety environment health quality
18,environment quality health safety
19,environment quality safety health
20,environment health quality safety
21,environment health safety quality
22,environment safety quality health
23,environment safety health quality
24,intertek plastics technology laboratories
25,intertek plastics laboratories technology
26,intertek technology plastics laboratories
27,intertek technology laboratories plastics
28,intertek laboratories plastics technology
29,intertek laboratories technology plastics
30,plastics intertek technology laboratories
31,plastics intertek laboratories technology
32,plastics technology intertek laboratories
33,plastics technology laboratories intertek
34,plastics laboratories intertek technology
35,plastics laboratories technology intertek
36,technology intertek plastics laboratories
37,technology intertek laboratories plastics
38,technology plastics intertek laboratories
39,technology plastics laboratories intertek
40,technology laboratories intertek plastics
41,technology laboratories plastics intertek
42,laboratories intertek plastics technology
43,laboratories intertek technology plastics
44,laboratories plastics intertek technology
45,laboratories plastics technology intertek
46,laboratories technology intertek plastics
47,laboratories technology plastics intertek
48,what codeline jobs phoenix
49,what codeline phoenix jobs
50,what jobs codeline phoenix
51,what jobs phoenix codeline
52,what phoenix codeline jobs
53,what phoenix jobs codeline
54,codeline what jobs phoenix
55,codeline what phoenix jobs
56,codeline jobs what phoenix
57,codeline jobs phoenix what
58,codeline phoenix what jobs
59,codeline phoenix jobs what
60,jobs what codeline phoenix
61,jobs what phoenix codeline
62,jobs codeline what phoenix
63,jobs codeline phoenix what
64,jobs phoenix what codeline
65,jobs phoenix codeline what
66,phoenix what codeline jobs
67,phoenix what jobs codeline
68,phoenix codeline what jobs
69,phoenix codeline jobs what
70,phoenix jobs what codeline
71,phoenix jobs codeline what
72,what codeline jobs phoenix
73,what codeline phoenix jobs
74,what jobs codeline phoenix
75,what jobs phoenix codeline
76,what phoenix codeline jobs
77,what phoenix jobs codeline
78,codeline what jobs phoenix
79,codeline what phoenix jobs
80,codeline jobs what phoenix
81,codeline jobs phoenix what
82,codeline phoenix what jobs
83,codeline phoenix jobs what
84,jobs what codeline phoenix
85,jobs what phoenix codeline
86,jobs codeline what phoenix
87,jobs codeline phoenix what
88,jobs phoenix what codeline
89,jobs phoenix codeline what
90,phoenix what codeline jobs
91,phoenix what jobs codeline
92,phoenix codeline what jobs
93,phoenix codeline jobs what
94,phoenix jobs what codeline
95,phoenix jobs codeline what
96,what use epf phoenix
97,what use phoenix epf
98,what epf use phoenix
99,what epf phoenix use
100,what phoenix use epf
101,what phoenix epf use
102,use what epf phoenix
103,use what phoenix epf
104,use epf what phoenix
105,use epf phoenix what
106,use phoenix what epf
107,use phoenix epf what
108,epf what use phoenix
109,epf what phoenix use
110,epf use what phoenix
111,epf use phoenix what
112,epf phoenix what use
113,epf phoenix use what
114,phoenix what use epf
115,phoenix what epf use
116,phoenix use what epf
117,phoenix use epf what
118,phoenix epf what use
119,phoenix epf use what
120,what role isf phoenix
121,what role phoenix isf
122,what isf role phoenix
123,what isf phoenix role
124,what phoenix role isf
125,what phoenix isf role
126,role what isf phoenix
127,role what phoenix isf
128,role isf what phoenix
129,role isf phoenix what
130,role phoenix what isf
131,role phoenix isf what
132,isf what role phoenix
133,isf what phoenix role
134,isf role what phoenix
135,isf role phoenix what
136,isf phoenix what role
137,isf phoenix role what
138,phoenix what role isf
139,phoenix what isf role
140,phoenix role what isf
141,phoenix role isf what
142,phoenix isf what role
143,phoenix isf role what
144,what types status phoenix
145,what types phoenix status
146,what status types phoenix
147,what status phoenix types
148,what phoenix types status
149,what phoenix status types
150,types what status phoenix
151,types what phoenix status
152,types status what phoenix
153,types status phoenix what
154,types phoenix what status
155,types phoenix status what
156,status what types phoenix
157,status what phoenix types
158,status types what phoenix
159,status types phoenix what
160,status phoenix what types
161,status phoenix types what
162,phoenix what types status
163,phoenix what status types
164,phoenix types what status
165,phoenix types status what
166,phoenix status what types
167,phoenix status types what
168,what types status phoenix
169,what types phoenix status
170,what status types phoenix
171,what status phoenix types
172,what phoenix types status
173,what phoenix status types
174,types what status phoenix
175,types what phoenix status
176,types status what phoenix
177,types status phoenix what
178,types phoenix what status
179,types phoenix status what
180,status what types phoenix
181,status what phoenix types
182,status types what phoenix
183,status types phoenix what
184,status phoenix what types
185,status phoenix types what
186,phoenix what types status
187,phoenix what status types
188,phoenix types what status
189,phoenix types status what
190,phoenix status what types
191,phoenix status types what
192,what deposit invoice phoenix
193,what deposit phoenix invoice
194,what invoice deposit phoenix
195,what invoice phoenix deposit
196,what phoenix deposit invoice
197,what phoenix invoice deposit
198,deposit what invoice phoenix
199,deposit what phoenix invoice
200,deposit invoice what phoenix
201,deposit invoice phoenix what
202,deposit phoenix what invoice
203,deposit phoenix invoice what
204,invoice what deposit phoenix
205,invoice what phoenix deposit
206,invoice deposit what phoenix
207,invoice deposit phoenix what
208,invoice phoenix what deposit
209,invoice phoenix deposit what
210,phoenix what deposit invoice
211,phoenix what invoice deposit
212,phoenix deposit what invoice
213,phoenix deposit invoice what
214,phoenix invoice what deposit
215,phoenix invoice deposit what
216,what consolidated invoice phoenix
217,what consolidated phoenix invoice
218,what invoice consolidated phoenix
219,what invoice phoenix consolidated
220,what phoenix consolidated invoice
221,what phoenix invoice consolidated
222,consolidated what invoice phoenix
223,consolidated what phoenix invoice
224,consolidated invoice what phoenix
225,consolidated invoice phoenix what
226,consolidated phoenix what invoice
227,consolidated phoenix invoice what
228,invoice what consolidated phoenix
229,invoice what phoenix consolidated
230,invoice consolidated what phoenix
231,invoice consolidated phoenix what
232,invoice phoenix what consolidated
233,invoice phoenix consolidated what
234,phoenix what consolidated invoice
235,phoenix what invoice consolidated
236,phoenix consolidated what invoice
237,phoenix consolidated invoice what
238,phoenix invoice what consolidated
239,phoenix invoice consolidated what
240,what recurring invoice phoenix
241,what recurring phoenix invoice
242,what invoice recurring phoenix
243,what invoice phoenix recurring
244,what phoenix recurring invoice
245,what phoenix invoice recurring
246,recurring what invoice phoenix
247,recurring what phoenix invoice
248,recurring invoice what phoenix
249,recurring invoice phoenix what
250,recurring phoenix what invoice
251,recurring phoenix invoice what
252,invoice what recurring phoenix
253,invoice what phoenix recurring
254,invoice recurring what phoenix
255,invoice recurring phoenix what
256,invoice phoenix what recurring
257,invoice phoenix recurring what
258,phoenix what recurring invoice
259,phoenix what invoice recurring
260,phoenix recurring what invoice
261,phoenix recurring invoice what
262,phoenix invoice what recurring
263,phoenix invoice recurring what
264,jobs epf present phoenix
265,jobs epf phoenix present
266,jobs present epf phoenix
267,jobs present phoenix epf
268,jobs phoenix epf present
269,jobs phoenix present epf
270,epf jobs present phoenix
271,epf jobs phoenix present
272,epf present jobs phoenix
273,epf present phoenix jobs
274,epf phoenix jobs present
275,epf phoenix present jobs
276,present jobs epf phoenix
277,present jobs phoenix epf
278,present epf jobs phoenix
279,present epf phoenix jobs
280,present phoenix jobs epf
281,present phoenix epf jobs
282,phoenix jobs epf present
283,phoenix jobs present epf
284,phoenix epf jobs present
285,phoenix epf present jobs
286,phoenix present jobs epf
287,phoenix present epf jobs
0,retail data system
1,retail system data
2,data retail system
3,data system retail
4,system retail data
5,system data retail
6,package registration system
7,package system registration
8,registration package system
9,registration system package
10,system package registration
11,system registration package
12,interlink application service
13,interlink service application
14,application interlink service
15,application service interlink
16,service interlink application
17,service application interlink
18,intertek laboratory system
19,intertek system laboratory
20,laboratory intertek system
21,laboratory system intertek
22,system intertek laboratory
23,system laboratory intertek
24,technology phoenix works
25,technology works phoenix
26,phoenix technology works
27,phoenix works technology
28,works technology phoenix
29,works phoenix technology
30,what your name
31,what name your
32,your what name
33,your name what
34,name what your
35,name your what
36,what your name
37,what name your
38,your what name
39,your name what
40,name what your
41,name your what
0,['redipoint']
1,['prs']
2,['tat']
3,['interlink']
4,['iid']
5,['rds']
6,['ils']
7,['ias']
8,['ihse']
9,['chemsafe']
10,['cwp']
11,['sharepoint']
12,['qhse']
13,['applecolor']
14,['hi']
15,['hello']
0,intertek id
1,id intertek
2,apple color
3,color apple
4,bp star
5,star bp
6,what phoenix
7,phoenix what
8,what phoenix
9,phoenix what
10,what gin
11,gin what
12,intertek buddy
13,buddy intertek
14,intertek buddy
15,buddy intertek
0,what various applications phoenix interacts
1,what various applications interacts phoenix
2,what various phoenix applications interacts
3,what various phoenix interacts applications
4,what various interacts applications phoenix
5,what various interacts phoenix applications
6,what applications various phoenix interacts
7,what applications various interacts phoenix
8,what applications phoenix various interacts
9,what applications phoenix interacts various
10,what applications interacts various phoenix
11,what applications interacts phoenix various
12,what phoenix various applications interacts
13,what phoenix various interacts applications
14,what phoenix applications various interacts
15,what phoenix applications interacts various
16,what phoenix interacts various applications
17,what phoenix interacts applications various
18,what interacts various applications phoenix
19,what interacts various phoenix applications
20,what interacts applications various phoenix
21,what interacts applications phoenix various
22,what interacts phoenix various applications
23,what interacts phoenix applications various
24,various what applications phoenix interacts
25,various what applications interacts phoenix
26,various what phoenix applications interacts
27,various what phoenix interacts applications
28,various what interacts applications phoenix
29,various what interacts phoenix applications
30,various applications what phoenix interacts
31,various applications what interacts phoenix
32,various applications phoenix what interacts
33,various applications phoenix interacts what
34,various applications interacts what phoenix
35,various applications interacts phoenix what
36,various phoenix what applications interacts
37,various phoenix what interacts applications
38,various phoenix applications what interacts
39,various phoenix applications interacts what
40,various phoenix interacts what applications
41,various phoenix interacts applications what
42,various interacts what applications phoenix
43,various interacts what phoenix applications
44,various interacts applications what phoenix
45,various interacts applications phoenix what
46,various interacts phoenix what applications
47,various interacts phoenix applications what
48,applications what various phoenix interacts
49,applications what various interacts phoenix
50,applications what phoenix various interacts
51,applications what phoenix interacts various
52,applications what interacts various phoenix
53,applications what interacts phoenix various
54,applications various what phoenix interacts
55,applications various what interacts phoenix
56,applications various phoenix what interacts
57,applications various phoenix interacts what
58,applications various interacts what phoenix
59,applications various interacts phoenix what
60,applications phoenix what various interacts
61,applications phoenix what interacts various
62,applications phoenix various what interacts
63,applications phoenix various interacts what
64,applications phoenix interacts what various
65,applications phoenix interacts various what
66,applications interacts what various phoenix
67,applications interacts what phoenix various
68,applications interacts various what phoenix
69,applications interacts various phoenix what
70,applications interacts phoenix what various
71,applications interacts phoenix various what
72,phoenix what various applications interacts
73,phoenix what various interacts applications
74,phoenix what applications various interacts
75,phoenix what applications interacts various
76,phoenix what interacts various applications
77,phoenix what interacts applications various
78,phoenix various what applications interacts
79,phoenix various what interacts applications
80,phoenix various applications what interacts
81,phoenix various applications interacts what
82,phoenix various interacts what applications
83,phoenix various interacts applications what
84,phoenix applications what various interacts
85,phoenix applications what interacts various
86,phoenix applications various what interacts
87,phoenix applications various interacts what
88,phoenix applications interacts what various
89,phoenix applications interacts various what
90,phoenix interacts what various applications
91,phoenix interacts what applications various
92,phoenix interacts various what applications
93,phoenix interacts various applications what
94,phoenix interacts applications what various
95,phoenix interacts applications various what
96,interacts what various applications phoenix
97,interacts what various phoenix applications
98,interacts what applications various phoenix
99,interacts what applications phoenix various
100,interacts what phoenix various applications
101,interacts what phoenix applications various
102,interacts various what applications phoenix
103,interacts various what phoenix applications
104,interacts various applications what phoenix
105,interacts various applications phoenix what
106,interacts various phoenix what applications
107,interacts various phoenix applications what
108,interacts applications what various phoenix
109,interacts applications what phoenix various
110,interacts applications various what phoenix
111,interacts applications various phoenix what
112,interacts applications phoenix what various
113,interacts applications phoenix various what
114,interacts phoenix what various applications
115,interacts phoenix what applications various
116,interacts phoenix various what applications
117,interacts phoenix various applications what
118,interacts phoenix applications what various
119,interacts phoenix applications various what
120,how gin different job id
121,how gin different id job
122,how gin job different id
123,how gin job id different
124,how gin id different job
125,how gin id job different
126,how different gin job id
127,how different gin id job
128,how different job gin id
129,how different job id gin
130,how different id gin job
131,how different id job gin
132,how job gin different id
133,how job gin id different
134,how job different gin id
135,how job different id gin
136,how job id gin different
137,how job id different gin
138,how id gin different job
139,how id gin job different
140,how id different gin job
141,how id different job gin
142,how id job gin different
143,how id job different gin
144,gin how different job id
145,gin how different id job
146,gin how job different id
147,gin how job id different
148,gin how id different job
149,gin how id job different
150,gin different how job id
151,gin different how id job
152,gin different job how id
153,gin different job id how
154,gin different id how job
155,gin different id job how
156,gin job how different id
157,gin job how id different
158,gin job different how id
159,gin job different id how
160,gin job id how different
161,gin job id different how
162,gin id how different job
163,gin id how job different
164,gin id different how job
165,gin id different job how
166,gin id job how different
167,gin id job different how
168,different how gin job id
169,different how gin id job
170,different how job gin id
171,different how job id gin
172,different how id gin job
173,different how id job gin
174,different gin how job id
175,different gin how id job
176,different gin job how id
177,different gin job id how
178,different gin id how job
179,different gin id job how
180,different job how gin id
181,different job how id gin
182,different job gin how id
183,different job gin id how
184,different job id how gin
185,different job id gin how
186,different id how gin job
187,different id how job gin
188,different id gin how job
189,different id gin job how
190,different id job how gin
191,different id job gin how
192,job how gin different id
193,job how gin id different
194,job how different gin id
195,job how different id gin
196,job how id gin different
197,job how id different gin
198,job gin how different id
199,job gin how id different
200,job gin different how id
201,job gin different id how
202,job gin id how different
203,job gin id different how
204,job different how gin id
205,job different how id gin
206,job different gin how id
207,job different gin id how
208,job different id how gin
209,job different id gin how
210,job id how gin different
211,job id how different gin
212,job id gin how different
213,job id gin different how
214,job id different how gin
215,job id different gin how
216,id how gin different job
217,id how gin job different
218,id how different gin job
219,id how different job gin
220,id how job gin different
221,id how job different gin
222,id gin how different job
223,id gin how job different
224,id gin different how job
225,id gin different job how
226,id gin job how different
227,id gin job different how
228,id different how gin job
229,id different how job gin
230,id different gin how job
231,id different gin job how
232,id different job how gin
233,id different job gin how
234,id job how gin different
235,id job how different gin
236,id job gin how different
237,id job gin different how
238,id job different how gin
239,id job different gin how
240,how many job types phoenix
241,how many job phoenix types
242,how many types job phoenix
243,how many types phoenix job
244,how many phoenix job types
245,how many phoenix types job
246,how job many types phoenix
247,how job many phoenix types
248,how job types many phoenix
249,how job types phoenix many
250,how job phoenix many types
251,how job phoenix types many
252,how types many job phoenix
253,how types many phoenix job
254,how types job many phoenix
255,how types job phoenix many
256,how types phoenix many job
257,how types phoenix job many
258,how phoenix many job types
259,how phoenix many types job
260,how phoenix job many types
261,how phoenix job types many
262,how phoenix types many job
263,how phoenix types job many
264,many how job types phoenix
265,many how job phoenix types
266,many how types job phoenix
267,many how types phoenix job
268,many how phoenix job types
269,many how phoenix types job
270,many job how types phoenix
271,many job how phoenix types
272,many job types how phoenix
273,many job types phoenix how
274,many job phoenix how types
275,many job phoenix types how
276,many types how job phoenix
277,many types how phoenix job
278,many types job how phoenix
279,many types job phoenix how
280,many types phoenix how job
281,many types phoenix job how
282,many phoenix how job types
283,many phoenix how types job
284,many phoenix job how types
285,many phoenix job types how
286,many phoenix types how job
287,many phoenix types job how
288,job how many types phoenix
289,job how many phoenix types
290,job how types many phoenix
291,job how types phoenix many
292,job how phoenix many types
293,job how phoenix types many
294,job many how types phoenix
295,job many how phoenix types
296,job many types how phoenix
297,job many types phoenix how
298,job many phoenix how types
299,job many phoenix types how
300,job types how many phoenix
301,job types how phoenix many
302,job types many how phoenix
303,job types many phoenix how
304,job types phoenix how many
305,job types phoenix many how
306,job phoenix how many types
307,job phoenix how types many
308,job phoenix many how types
309,job phoenix many types how
310,job phoenix types how many
311,job phoenix types many how
312,types how many job phoenix
313,types how many phoenix job
314,types how job many phoenix
315,types how job phoenix many
316,types how phoenix many job
317,types how phoenix job many
318,types many how job phoenix
319,types many how phoenix job
320,types many job how phoenix
321,types many job phoenix how
322,types many phoenix how job
323,types many phoenix job how
324,types job how many phoenix
325,types job how phoenix many
326,types job many how phoenix
327,types job many phoenix how
328,types job phoenix how many
329,types job phoenix many how
330,types phoenix how many job
331,types phoenix how job many
332,types phoenix many how job
333,types phoenix many job how
334,types phoenix job how many
335,types phoenix job many how
336,phoenix how many job types
337,phoenix how many types job
338,phoenix how job many types
339,phoenix how job types many
340,phoenix how types many job
341,phoenix how types job many
342,phoenix many how job types
343,phoenix many how types job
344,phoenix many job how types
345,phoenix many job types how
346,phoenix many types how job
347,phoenix many types job how
348,phoenix job how many types
349,phoenix job how types many
350,phoenix job many how types
351,phoenix job many types how
352,phoenix job types how many
353,phoenix job types many how
354,phoenix types how many job
355,phoenix types how job many
356,phoenix types many how job
357,phoenix types many job how
358,phoenix types job how many
359,phoenix types job many how
360,why cm jobs reconcile page
361,why cm jobs page reconcile
362,why cm reconcile jobs page
363,why cm reconcile page jobs
364,why cm page jobs reconcile
365,why cm page reconcile jobs
366,why jobs cm reconcile page
367,why jobs cm page reconcile
368,why jobs reconcile cm page
369,why jobs reconcile page cm
370,why jobs page cm reconcile
371,why jobs page reconcile cm
372,why reconcile cm jobs page
373,why reconcile cm page jobs
374,why reconcile jobs cm page
375,why reconcile jobs page cm
376,why reconcile page cm jobs
377,why reconcile page jobs cm
378,why page cm jobs reconcile
379,why page cm reconcile jobs
380,why page jobs cm reconcile
381,why page jobs reconcile cm
382,why page reconcile cm jobs
383,why page reconcile jobs cm
384,cm why jobs reconcile page
385,cm why jobs page reconcile
386,cm why reconcile jobs page
387,cm why reconcile page jobs
388,cm why page jobs reconcile
389,cm why page reconcile jobs
390,cm jobs why reconcile page
391,cm jobs why page reconcile
392,cm jobs reconcile why page
393,cm jobs reconcile page why
394,cm jobs page why reconcile
395,cm jobs page reconcile why
396,cm reconcile why jobs page
397,cm reconcile why page jobs
398,cm reconcile jobs why page
399,cm reconcile jobs page why
400,cm reconcile page why jobs
401,cm reconcile page jobs why
402,cm page why jobs reconcile
403,cm page why reconcile jobs
404,cm page jobs why reconcile
405,cm page jobs reconcile why
406,cm page reconcile why jobs
407,cm page reconcile jobs why
408,jobs why cm reconcile page
409,jobs why cm page reconcile
410,jobs why reconcile cm page
411,jobs why reconcile page cm
412,jobs why page cm reconcile
413,jobs why page reconcile cm
414,jobs cm why reconcile page
415,jobs cm why page reconcile
416,jobs cm reconcile why page
417,jobs cm reconcile page why
418,jobs cm page why reconcile
419,jobs cm page reconcile why
420,jobs reconcile why cm page
421,jobs reconcile why page cm
422,jobs reconcile cm why page
423,jobs reconcile cm page why
424,jobs reconcile page why cm
425,jobs reconcile page cm why
426,jobs page why cm reconcile
427,jobs page why reconcile cm
428,jobs page cm why reconcile
429,jobs page cm reconcile why
430,jobs page reconcile why cm
431,jobs page reconcile cm why
432,reconcile why cm jobs page
433,reconcile why cm page jobs
434,reconcile why jobs cm page
435,reconcile why jobs page cm
436,reconcile why page cm jobs
437,reconcile why page jobs cm
438,reconcile cm why jobs page
439,reconcile cm why page jobs
440,reconcile cm jobs why page
441,reconcile cm jobs page why
442,reconcile cm page why jobs
443,reconcile cm page jobs why
444,reconcile jobs why cm page
445,reconcile jobs why page cm
446,reconcile jobs cm why page
447,reconcile jobs cm page why
448,reconcile jobs page why cm
449,reconcile jobs page cm why
450,reconcile page why cm jobs
451,reconcile page why jobs cm
452,reconcile page cm why jobs
453,reconcile page cm jobs why
454,reconcile page jobs why cm
455,reconcile page jobs cm why
456,page why cm jobs reconcile
457,page why cm reconcile jobs
458,page why jobs cm reconcile
459,page why jobs reconcile cm
460,page why reconcile cm jobs
461,page why reconcile jobs cm
462,page cm why jobs reconcile
463,page cm why reconcile jobs
464,page cm jobs why reconcile
465,page cm jobs reconcile why
466,page cm reconcile why jobs
467,page cm reconcile jobs why
468,page jobs why cm reconcile
469,page jobs why reconcile cm
470,page jobs cm why reconcile
471,page jobs cm reconcile why
472,page jobs reconcile why cm
473,page jobs reconcile cm why
474,page reconcile why cm jobs
475,page reconcile why jobs cm
476,page reconcile cm why jobs
477,page reconcile cm jobs why
478,page reconcile jobs why cm
479,page reconcile jobs cm why
480,how many invoices types phoenix
481,how many invoices phoenix types
482,how many types invoices phoenix
483,how many types phoenix invoices
484,how many phoenix invoices types
485,how many phoenix types invoices
486,how invoices many types phoenix
487,how invoices many phoenix types
488,how invoices types many phoenix
489,how invoices types phoenix many
490,how invoices phoenix many types
491,how invoices phoenix types many
492,how types many invoices phoenix
493,how types many phoenix invoices
494,how types invoices many phoenix
495,how types invoices phoenix many
496,how types phoenix many invoices
497,how types phoenix invoices many
498,how phoenix many invoices types
499,how phoenix many types invoices
500,how phoenix invoices many types
501,how phoenix invoices types many
502,how phoenix types many invoices
503,how phoenix types invoices many
504,many how invoices types phoenix
505,many how invoices phoenix types
506,many how types invoices phoenix
507,many how types phoenix invoices
508,many how phoenix invoices types
509,many how phoenix types invoices
510,many invoices how types phoenix
511,many invoices how phoenix types
512,many invoices types how phoenix
513,many invoices types phoenix how
514,many invoices phoenix how types
515,many invoices phoenix types how
516,many types how invoices phoenix
517,many types how phoenix invoices
518,many types invoices how phoenix
519,many types invoices phoenix how
520,many types phoenix how invoices
521,many types phoenix invoices how
522,many phoenix how invoices types
523,many phoenix how types invoices
524,many phoenix invoices how types
525,many phoenix invoices types how
526,many phoenix types how invoices
527,many phoenix types invoices how
528,invoices how many types phoenix
529,invoices how many phoenix types
530,invoices how types many phoenix
531,invoices how types phoenix many
532,invoices how phoenix many types
533,invoices how phoenix types many
534,invoices many how types phoenix
535,invoices many how phoenix types
536,invoices many types how phoenix
537,invoices many types phoenix how
538,invoices many phoenix how types
539,invoices many phoenix types how
540,invoices types how many phoenix
541,invoices types how phoenix many
542,invoices types many how phoenix
543,invoices types many phoenix how
544,invoices types phoenix how many
545,invoices types phoenix many how
546,invoices phoenix how many types
547,invoices phoenix how types many
548,invoices phoenix many how types
549,invoices phoenix many types how
550,invoices phoenix types how many
551,invoices phoenix types many how
552,types how many invoices phoenix
553,types how many phoenix invoices
554,types how invoices many phoenix
555,types how invoices phoenix many
556,types how phoenix many invoices
557,types how phoenix invoices many
558,types many how invoices phoenix
559,types many how phoenix invoices
560,types many invoices how phoenix
561,types many invoices phoenix how
562,types many phoenix how invoices
563,types many phoenix invoices how
564,types invoices how many phoenix
565,types invoices how phoenix many
566,types invoices many how phoenix
567,types invoices many phoenix how
568,types invoices phoenix how many
569,types invoices phoenix many how
570,types phoenix how many invoices
571,types phoenix how invoices many
572,types phoenix many how invoices
573,types phoenix many invoices how
574,types phoenix invoices how many
575,types phoenix invoices many how
576,phoenix how many invoices types
577,phoenix how many types invoices
578,phoenix how invoices many types
579,phoenix how invoices types many
580,phoenix how types many invoices
581,phoenix how types invoices many
582,phoenix many how invoices types
583,phoenix many how types invoices
584,phoenix many invoices how types
585,phoenix many invoices types how
586,phoenix many types how invoices
587,phoenix many types invoices how
588,phoenix invoices how many types
589,phoenix invoices how types many
590,phoenix invoices many how types
591,phoenix invoices many types how
592,phoenix invoices types how many
593,phoenix invoices types many how
594,phoenix types how many invoices
595,phoenix types how invoices many
596,phoenix types many how invoices
597,phoenix types many invoices how
598,phoenix types invoices how many
599,phoenix types invoices many how
600,how different application interact phoenix
601,how different application phoenix interact
602,how different interact application phoenix
603,how different interact phoenix application
604,how different phoenix application interact
605,how different phoenix interact application
606,how application different interact phoenix
607,how application different phoenix interact
608,how application interact different phoenix
609,how application interact phoenix different
610,how application phoenix different interact
611,how application phoenix interact different
612,how interact different application phoenix
613,how interact different phoenix application
614,how interact application different phoenix
615,how interact application phoenix different
616,how interact phoenix different application
617,how interact phoenix application different
618,how phoenix different application interact
619,how phoenix different interact application
620,how phoenix application different interact
621,how phoenix application interact different
622,how phoenix interact different application
623,how phoenix interact application different
624,different how application interact phoenix
625,different how application phoenix interact
626,different how interact application phoenix
627,different how interact phoenix application
628,different how phoenix application interact
629,different how phoenix interact application
630,different application how interact phoenix
631,different application how phoenix interact
632,different application interact how phoenix
633,different application interact phoenix how
634,different application phoenix how interact
635,different application phoenix interact how
636,different interact how application phoenix
637,different interact how phoenix application
638,different interact application how phoenix
639,different interact application phoenix how
640,different interact phoenix how application
641,different interact phoenix application how
642,different phoenix how application interact
643,different phoenix how interact application
644,different phoenix application how interact
645,different phoenix application interact how
646,different phoenix interact how application
647,different phoenix interact application how
648,application how different interact phoenix
649,application how different phoenix interact
650,application how interact different phoenix
651,application how interact phoenix different
652,application how phoenix different interact
653,application how phoenix interact different
654,application different how interact phoenix
655,application different how phoenix interact
656,application different interact how phoenix
657,application different interact phoenix how
658,application different phoenix how interact
659,application different phoenix interact how
660,application interact how different phoenix
661,application interact how phoenix different
662,application interact different how phoenix
663,application interact different phoenix how
664,application interact phoenix how different
665,application interact phoenix different how
666,application phoenix how different interact
667,application phoenix how interact different
668,application phoenix different how interact
669,application phoenix different interact how
670,application phoenix interact how different
671,application phoenix interact different how
672,interact how different application phoenix
673,interact how different phoenix application
674,interact how application different phoenix
675,interact how application phoenix different
676,interact how phoenix different application
677,interact how phoenix application different
678,interact different how application phoenix
679,interact different how phoenix application
680,interact different application how phoenix
681,interact different application phoenix how
682,interact different phoenix how application
683,interact different phoenix application how
684,interact application how different phoenix
685,interact application how phoenix different
686,interact application different how phoenix
687,interact application different phoenix how
688,interact application phoenix how different
689,interact application phoenix different how
690,interact phoenix how different application
691,interact phoenix how application different
692,interact phoenix different how application
693,interact phoenix different application how
694,interact phoenix application how different
695,interact phoenix application different how
696,phoenix how different application interact
697,phoenix how different interact application
698,phoenix how application different interact
699,phoenix how application interact different
700,phoenix how interact different application
701,phoenix how interact application different
702,phoenix different how application interact
703,phoenix different how interact application
704,phoenix different application how interact
705,phoenix different application interact how
706,phoenix different interact how application
707,phoenix different interact application how
708,phoenix application how different interact
709,phoenix application how interact different
710,phoenix application different how interact
711,phoenix application different interact how
712,phoenix application interact how different
713,phoenix application interact different how
714,phoenix interact how different application
715,phoenix interact how application different
716,phoenix interact different how application
717,phoenix interact different application how
718,phoenix interact application how different
719,phoenix interact application different how
720,what web service log phoenix
721,what web service phoenix log
722,what web log service phoenix
723,what web log phoenix service
724,what web phoenix service log
725,what web phoenix log service
726,what service web log phoenix
727,what service web phoenix log
728,what service log web phoenix
729,what service log phoenix web
730,what service phoenix web log
731,what service phoenix log web
732,what log web service phoenix
733,what log web phoenix service
734,what log service web phoenix
735,what log service phoenix web
736,what log phoenix web service
737,what log phoenix service web
738,what phoenix web service log
739,what phoenix web log service
740,what phoenix service web log
741,what phoenix service log web
742,what phoenix log web service
743,what phoenix log service web
744,web what service log phoenix
745,web what service phoenix log
746,web what log service phoenix
747,web what log phoenix service
748,web what phoenix service log
749,web what phoenix log service
750,web service what log phoenix
751,web service what phoenix log
752,web service log what phoenix
753,web service log phoenix what
754,web service phoenix what log
755,web service phoenix log what
756,web log what service phoenix
757,web log what phoenix service
758,web log service what phoenix
759,web log service phoenix what
760,web log phoenix what service
761,web log phoenix service what
762,web phoenix what service log
763,web phoenix what log service
764,web phoenix service what log
765,web phoenix service log what
766,web phoenix log what service
767,web phoenix log service what
768,service what web log phoenix
769,service what web phoenix log
770,service what log web phoenix
771,service what log phoenix web
772,service what phoenix web log
773,service what phoenix log web
774,service web what log phoenix
775,service web what phoenix log
776,service web log what phoenix
777,service web log phoenix what
778,service web phoenix what log
779,service web phoenix log what
780,service log what web phoenix
781,service log what phoenix web
782,service log web what phoenix
783,service log web phoenix what
784,service log phoenix what web
785,service log phoenix web what
786,service phoenix what web log
787,service phoenix what log web
788,service phoenix web what log
789,service phoenix web log what
790,service phoenix log what web
791,service phoenix log web what
792,log what web service phoenix
793,log what web phoenix service
794,log what service web phoenix
795,log what service phoenix web
796,log what phoenix web service
797,log what phoenix service web
798,log web what service phoenix
799,log web what phoenix service
800,log web service what phoenix
801,log web service phoenix what
802,log web phoenix what service
803,log web phoenix service what
804,log service what web phoenix
805,log service what phoenix web
806,log service web what phoenix
807,log service web phoenix what
808,log service phoenix what web
809,log service phoenix web what
810,log phoenix what web service
811,log phoenix what service web
812,log phoenix web what service
813,log phoenix web service what
814,log phoenix service what web
815,log phoenix service web what
816,phoenix what web service log
817,phoenix what web log service
818,phoenix what service web log
819,phoenix what service log web
820,phoenix what log web service
821,phoenix what log service web
822,phoenix web what service log
823,phoenix web what log service
824,phoenix web service what log
825,phoenix web service log what
826,phoenix web log what service
827,phoenix web log service what
828,phoenix service what web log
829,phoenix service what log web
830,phoenix service web what log
831,phoenix service web log what
832,phoenix service log what web
833,phoenix service log web what
834,phoenix log what web service
835,phoenix log what service web
836,phoenix log web what service
837,phoenix log web service what
838,phoenix log service what web
839,phoenix log service web what
840,can customer more contract/contact phoenix
841,can customer more phoenix contract/contact
842,can customer contract/contact more phoenix
843,can customer contract/contact phoenix more
844,can customer phoenix more contract/contact
845,can customer phoenix contract/contact more
846,can more customer contract/contact phoenix
847,can more customer phoenix contract/contact
848,can more contract/contact customer phoenix
849,can more contract/contact phoenix customer
850,can more phoenix customer contract/contact
851,can more phoenix contract/contact customer
852,can contract/contact customer more phoenix
853,can contract/contact customer phoenix more
854,can contract/contact more customer phoenix
855,can contract/contact more phoenix customer
856,can contract/contact phoenix customer more
857,can contract/contact phoenix more customer
858,can phoenix customer more contract/contact
859,can phoenix customer contract/contact more
860,can phoenix more customer contract/contact
861,can phoenix more contract/contact customer
862,can phoenix contract/contact customer more
863,can phoenix contract/contact more customer
864,customer can more contract/contact phoenix
865,customer can more phoenix contract/contact
866,customer can contract/contact more phoenix
867,customer can contract/contact phoenix more
868,customer can phoenix more contract/contact
869,customer can phoenix contract/contact more
870,customer more can contract/contact phoenix
871,customer more can phoenix contract/contact
872,customer more contract/contact can phoenix
873,customer more contract/contact phoenix can
874,customer more phoenix can contract/contact
875,customer more phoenix contract/contact can
876,customer contract/contact can more phoenix
877,customer contract/contact can phoenix more
878,customer contract/contact more can phoenix
879,customer contract/contact more phoenix can
880,customer contract/contact phoenix can more
881,customer contract/contact phoenix more can
882,customer phoenix can more contract/contact
883,customer phoenix can contract/contact more
884,customer phoenix more can contract/contact
885,customer phoenix more contract/contact can
886,customer phoenix contract/contact can more
887,customer phoenix contract/contact more can
888,more can customer contract/contact phoenix
889,more can customer phoenix contract/contact
890,more can contract/contact customer phoenix
891,more can contract/contact phoenix customer
892,more can phoenix customer contract/contact
893,more can phoenix contract/contact customer
894,more customer can contract/contact phoenix
895,more customer can phoenix contract/contact
896,more customer contract/contact can phoenix
897,more customer contract/contact phoenix can
898,more customer phoenix can contract/contact
899,more customer phoenix contract/contact can
900,more contract/contact can customer phoenix
901,more contract/contact can phoenix customer
902,more contract/contact customer can phoenix
903,more contract/contact customer phoenix can
904,more contract/contact phoenix can customer
905,more contract/contact phoenix customer can
906,more phoenix can customer contract/contact
907,more phoenix can contract/contact customer
908,more phoenix customer can contract/contact
909,more phoenix customer contract/contact can
910,more phoenix contract/contact can customer
911,more phoenix contract/contact customer can
912,contract/contact can customer more phoenix
913,contract/contact can customer phoenix more
914,contract/contact can more customer phoenix
915,contract/contact can more phoenix customer
916,contract/contact can phoenix customer more
917,contract/contact can phoenix more customer
918,contract/contact customer can more phoenix
919,contract/contact customer can phoenix more
920,contract/contact customer more can phoenix
921,contract/contact customer more phoenix can
922,contract/contact customer phoenix can more
923,contract/contact customer phoenix more can
924,contract/contact more can customer phoenix
925,contract/contact more can phoenix customer
926,contract/contact more customer can phoenix
927,contract/contact more customer phoenix can
928,contract/contact more phoenix can customer
929,contract/contact more phoenix customer can
930,contract/contact phoenix can customer more
931,contract/contact phoenix can more customer
932,contract/contact phoenix customer can more
933,contract/contact phoenix customer more can
934,contract/contact phoenix more can customer
935,contract/contact phoenix more customer can
936,phoenix can customer more contract/contact
937,phoenix can customer contract/contact more
938,phoenix can more customer contract/contact
939,phoenix can more contract/contact customer
940,phoenix can contract/contact customer more
941,phoenix can contract/contact more customer
942,phoenix customer can more contract/contact
943,phoenix customer can contract/contact more
944,phoenix customer more can contract/contact
945,phoenix customer more contract/contact can
946,phoenix customer contract/contact can more
947,phoenix customer contract/contact more can
948,phoenix more can customer contract/contact
949,phoenix more can contract/contact customer
950,phoenix more customer can contract/contact
951,phoenix more customer contract/contact can
952,phoenix more contract/contact can customer
953,phoenix more contract/contact customer can
954,phoenix contract/contact can customer more
955,phoenix contract/contact can more customer
956,phoenix contract/contact customer can more
957,phoenix contract/contact customer more can
958,phoenix contract/contact more can customer
959,phoenix contract/contact more customer can
960,what types cm jobs phoenix
961,what types cm phoenix jobs
962,what types jobs cm phoenix
963,what types jobs phoenix cm
964,what types phoenix cm jobs
965,what types phoenix jobs cm
966,what cm types jobs phoenix
967,what cm types phoenix jobs
968,what cm jobs types phoenix
969,what cm jobs phoenix types
970,what cm phoenix types jobs
971,what cm phoenix jobs types
972,what jobs types cm phoenix
973,what jobs types phoenix cm
974,what jobs cm types phoenix
975,what jobs cm phoenix types
976,what jobs phoenix types cm
977,what jobs phoenix cm types
978,what phoenix types cm jobs
979,what phoenix types jobs cm
980,what phoenix cm types jobs
981,what phoenix cm jobs types
982,what phoenix jobs types cm
983,what phoenix jobs cm types
984,types what cm jobs phoenix
985,types what cm phoenix jobs
986,types what jobs cm phoenix
987,types what jobs phoenix cm
988,types what phoenix cm jobs
989,types what phoenix jobs cm
990,types cm what jobs phoenix
991,types cm what phoenix jobs
992,types cm jobs what phoenix
993,types cm jobs phoenix what
994,types cm phoenix what jobs
995,types cm phoenix jobs what
996,types jobs what cm phoenix
997,types jobs what phoenix cm
998,types jobs cm what phoenix
999,types jobs cm phoenix what
1000,types jobs phoenix what cm
1001,types jobs phoenix cm what
1002,types phoenix what cm jobs
1003,types phoenix what jobs cm
1004,types phoenix cm what jobs
1005,types phoenix cm jobs what
1006,types phoenix jobs what cm
1007,types phoenix jobs cm what
1008,cm what types jobs phoenix
1009,cm what types phoenix jobs
1010,cm what jobs types phoenix
1011,cm what jobs phoenix types
1012,cm what phoenix types jobs
1013,cm what phoenix jobs types
1014,cm types what jobs phoenix
1015,cm types what phoenix jobs
1016,cm types jobs what phoenix
1017,cm types jobs phoenix what
1018,cm types phoenix what jobs
1019,cm types phoenix jobs what
1020,cm jobs what types phoenix
1021,cm jobs what phoenix types
1022,cm jobs types what phoenix
1023,cm jobs types phoenix what
1024,cm jobs phoenix what types
1025,cm jobs phoenix types what
1026,cm phoenix what types jobs
1027,cm phoenix what jobs types
1028,cm phoenix types what jobs
1029,cm phoenix types jobs what
1030,cm phoenix jobs what types
1031,cm phoenix jobs types what
1032,jobs what types cm phoenix
1033,jobs what types phoenix cm
1034,jobs what cm types phoenix
1035,jobs what cm phoenix types
1036,jobs what phoenix types cm
1037,jobs what phoenix cm types
1038,jobs types what cm phoenix
1039,jobs types what phoenix cm
1040,jobs types cm what phoenix
1041,jobs types cm phoenix what
1042,jobs types phoenix what cm
1043,jobs types phoenix cm what
1044,jobs cm what types phoenix
1045,jobs cm what phoenix types
1046,jobs cm types what phoenix
1047,jobs cm types phoenix what
1048,jobs cm phoenix what types
1049,jobs cm phoenix types what
1050,jobs phoenix what types cm
1051,jobs phoenix what cm types
1052,jobs phoenix types what cm
1053,jobs phoenix types cm what
1054,jobs phoenix cm what types
1055,jobs phoenix cm types what
1056,phoenix what types cm jobs
1057,phoenix what types jobs cm
1058,phoenix what cm types jobs
1059,phoenix what cm jobs types
1060,phoenix what jobs types cm
1061,phoenix what jobs cm types
1062,phoenix types what cm jobs
1063,phoenix types what jobs cm
1064,phoenix types cm what jobs
1065,phoenix types cm jobs what
1066,phoenix types jobs what cm
1067,phoenix types jobs cm what
1068,phoenix cm what types jobs
1069,phoenix cm what jobs types
1070,phoenix cm types what jobs
1071,phoenix cm types jobs what
1072,phoenix cm jobs what types
1073,phoenix cm jobs types what
1074,phoenix jobs what types cm
1075,phoenix jobs what cm types
1076,phoenix jobs types what cm
1077,phoenix jobs types cm what
1078,phoenix jobs cm what types
1079,phoenix jobs cm types what
1080,what types ce jobs phoenix
1081,what types ce phoenix jobs
1082,what types jobs ce phoenix
1083,what types jobs phoenix ce
1084,what types phoenix ce jobs
1085,what types phoenix jobs ce
1086,what ce types jobs phoenix
1087,what ce types phoenix jobs
1088,what ce jobs types phoenix
1089,what ce jobs phoenix types
1090,what ce phoenix types jobs
1091,what ce phoenix jobs types
1092,what jobs types ce phoenix
1093,what jobs types phoenix ce
1094,what jobs ce types phoenix
1095,what jobs ce phoenix types
1096,what jobs phoenix types ce
1097,what jobs phoenix ce types
1098,what phoenix types ce jobs
1099,what phoenix types jobs ce
1100,what phoenix ce types jobs
1101,what phoenix ce jobs types
1102,what phoenix jobs types ce
1103,what phoenix jobs ce types
1104,types what ce jobs phoenix
1105,types what ce phoenix jobs
1106,types what jobs ce phoenix
1107,types what jobs phoenix ce
1108,types what phoenix ce jobs
1109,types what phoenix jobs ce
1110,types ce what jobs phoenix
1111,types ce what phoenix jobs
1112,types ce jobs what phoenix
1113,types ce jobs phoenix what
1114,types ce phoenix what jobs
1115,types ce phoenix jobs what
1116,types jobs what ce phoenix
1117,types jobs what phoenix ce
1118,types jobs ce what phoenix
1119,types jobs ce phoenix what
1120,types jobs phoenix what ce
1121,types jobs phoenix ce what
1122,types phoenix what ce jobs
1123,types phoenix what jobs ce
1124,types phoenix ce what jobs
1125,types phoenix ce jobs what
1126,types phoenix jobs what ce
1127,types phoenix jobs ce what
1128,ce what types jobs phoenix
1129,ce what types phoenix jobs
1130,ce what jobs types phoenix
1131,ce what jobs phoenix types
1132,ce what phoenix types jobs
1133,ce what phoenix jobs types
1134,ce types what jobs phoenix
1135,ce types what phoenix jobs
1136,ce types jobs what phoenix
1137,ce types jobs phoenix what
1138,ce types phoenix what jobs
1139,ce types phoenix jobs what
1140,ce jobs what types phoenix
1141,ce jobs what phoenix types
1142,ce jobs types what phoenix
1143,ce jobs types phoenix what
1144,ce jobs phoenix what types
1145,ce jobs phoenix types what
1146,ce phoenix what types jobs
1147,ce phoenix what jobs types
1148,ce phoenix types what jobs
1149,ce phoenix types jobs what
1150,ce phoenix jobs what types
1151,ce phoenix jobs types what
1152,jobs what types ce phoenix
1153,jobs what types phoenix ce
1154,jobs what ce types phoenix
1155,jobs what ce phoenix types
1156,jobs what phoenix types ce
1157,jobs what phoenix ce types
1158,jobs types what ce phoenix
1159,jobs types what phoenix ce
1160,jobs types ce what phoenix
1161,jobs types ce phoenix what
1162,jobs types phoenix what ce
1163,jobs types phoenix ce what
1164,jobs ce what types phoenix
1165,jobs ce what phoenix types
1166,jobs ce types what phoenix
1167,jobs ce types phoenix what
1168,jobs ce phoenix what types
1169,jobs ce phoenix types what
1170,jobs phoenix what types ce
1171,jobs phoenix what ce types
1172,jobs phoenix types what ce
1173,jobs phoenix types ce what
1174,jobs phoenix ce what types
1175,jobs phoenix ce types what
1176,phoenix what types ce jobs
1177,phoenix what types jobs ce
1178,phoenix what ce types jobs
1179,phoenix what ce jobs types
1180,phoenix what jobs types ce
1181,phoenix what jobs ce types
1182,phoenix types what ce jobs
1183,phoenix types what jobs ce
1184,phoenix types ce what jobs
1185,phoenix types ce jobs what
1186,phoenix types jobs what ce
1187,phoenix types jobs ce what
1188,phoenix ce what types jobs
1189,phoenix ce what jobs types
1190,phoenix ce types what jobs
1191,phoenix ce types jobs what
1192,phoenix ce jobs what types
1193,phoenix ce jobs types what
1194,phoenix jobs what types ce
1195,phoenix jobs what ce types
1196,phoenix jobs types what ce
1197,phoenix jobs types ce what
1198,phoenix jobs ce what types
1199,phoenix jobs ce types what
1200,name table associated customers phoenix
1201,name table associated phoenix customers
1202,name table customers associated phoenix
1203,name table customers phoenix associated
1204,name table phoenix associated customers
1205,name table phoenix customers associated
1206,name associated table customers phoenix
1207,name associated table phoenix customers
1208,name associated customers table phoenix
1209,name associated customers phoenix table
1210,name associated phoenix table customers
1211,name associated phoenix customers table
1212,name customers table associated phoenix
1213,name customers table phoenix associated
1214,name customers associated table phoenix
1215,name customers associated phoenix table
1216,name customers phoenix table associated
1217,name customers phoenix associated table
1218,name phoenix table associated customers
1219,name phoenix table customers associated
1220,name phoenix associated table customers
1221,name phoenix associated customers table
1222,name phoenix customers table associated
1223,name phoenix customers associated table
1224,table name associated customers phoenix
1225,table name associated phoenix customers
1226,table name customers associated phoenix
1227,table name customers phoenix associated
1228,table name phoenix associated customers
1229,table name phoenix customers associated
1230,table associated name customers phoenix
1231,table associated name phoenix customers
1232,table associated customers name phoenix
1233,table associated customers phoenix name
1234,table associated phoenix name customers
1235,table associated phoenix customers name
1236,table customers name associated phoenix
1237,table customers name phoenix associated
1238,table customers associated name phoenix
1239,table customers associated phoenix name
1240,table customers phoenix name associated
1241,table customers phoenix associated name
1242,table phoenix name associated customers
1243,table phoenix name customers associated
1244,table phoenix associated name customers
1245,table phoenix associated customers name
1246,table phoenix customers name associated
1247,table phoenix customers associated name
1248,associated name table customers phoenix
1249,associated name table phoenix customers
1250,associated name customers table phoenix
1251,associated name customers phoenix table
1252,associated name phoenix table customers
1253,associated name phoenix customers table
1254,associated table name customers phoenix
1255,associated table name phoenix customers
1256,associated table customers name phoenix
1257,associated table customers phoenix name
1258,associated table phoenix name customers
1259,associated table phoenix customers name
1260,associated customers name table phoenix
1261,associated customers name phoenix table
1262,associated customers table name phoenix
1263,associated customers table phoenix name
1264,associated customers phoenix name table
1265,associated customers phoenix table name
1266,associated phoenix name table customers
1267,associated phoenix name customers table
1268,associated phoenix table name customers
1269,associated phoenix table customers name
1270,associated phoenix customers name table
1271,associated phoenix customers table name
1272,customers name table associated phoenix
1273,customers name table phoenix associated
1274,customers name associated table phoenix
1275,customers name associated phoenix table
1276,customers name phoenix table associated
1277,customers name phoenix associated table
1278,customers table name associated phoenix
1279,customers table name phoenix associated
1280,customers table associated name phoenix
1281,customers table associated phoenix name
1282,customers table phoenix name associated
1283,customers table phoenix associated name
1284,customers associated name table phoenix
1285,customers associated name phoenix table
1286,customers associated table name phoenix
1287,customers associated table phoenix name
1288,customers associated phoenix name table
1289,customers associated phoenix table name
1290,customers phoenix name table associated
1291,customers phoenix name associated table
1292,customers phoenix table name associated
1293,customers phoenix table associated name
1294,customers phoenix associated name table
1295,customers phoenix associated table name
1296,phoenix name table associated customers
1297,phoenix name table customers associated
1298,phoenix name associated table customers
1299,phoenix name associated customers table
1300,phoenix name customers table associated
1301,phoenix name customers associated table
1302,phoenix table name associated customers
1303,phoenix table name customers associated
1304,phoenix table associated name customers
1305,phoenix table associated customers name
1306,phoenix table customers name associated
1307,phoenix table customers associated name
1308,phoenix associated name table customers
1309,phoenix associated name customers table
1310,phoenix associated table name customers
1311,phoenix associated table customers name
1312,phoenix associated customers name table
1313,phoenix associated customers table name
1314,phoenix customers name table associated
1315,phoenix customers name associated table
1316,phoenix customers table name associated
1317,phoenix customers table associated name
1318,phoenix customers associated name table
1319,phoenix customers associated table name
1320,name table associated customers phoenix
1321,name table associated phoenix customers
1322,name table customers associated phoenix
1323,name table customers phoenix associated
1324,name table phoenix associated customers
1325,name table phoenix customers associated
1326,name associated table customers phoenix
1327,name associated table phoenix customers
1328,name associated customers table phoenix
1329,name associated customers phoenix table
1330,name associated phoenix table customers
1331,name associated phoenix customers table
1332,name customers table associated phoenix
1333,name customers table phoenix associated
1334,name customers associated table phoenix
1335,name customers associated phoenix table
1336,name customers phoenix table associated
1337,name customers phoenix associated table
1338,name phoenix table associated customers
1339,name phoenix table customers associated
1340,name phoenix associated table customers
1341,name phoenix associated customers table
1342,name phoenix customers table associated
1343,name phoenix customers associated table
1344,table name associated customers phoenix
1345,table name associated phoenix customers
1346,table name customers associated phoenix
1347,table name customers phoenix associated
1348,table name phoenix associated customers
1349,table name phoenix customers associated
1350,table associated name customers phoenix
1351,table associated name phoenix customers
1352,table associated customers name phoenix
1353,table associated customers phoenix name
1354,table associated phoenix name customers
1355,table associated phoenix customers name
1356,table customers name associated phoenix
1357,table customers name phoenix associated
1358,table customers associated name phoenix
1359,table customers associated phoenix name
1360,table customers phoenix name associated
1361,table customers phoenix associated name
1362,table phoenix name associated customers
1363,table phoenix name customers associated
1364,table phoenix associated name customers
1365,table phoenix associated customers name
1366,table phoenix customers name associated
1367,table phoenix customers associated name
1368,associated name table customers phoenix
1369,associated name table phoenix customers
1370,associated name customers table phoenix
1371,associated name customers phoenix table
1372,associated name phoenix table customers
1373,associated name phoenix customers table
1374,associated table name customers phoenix
1375,associated table name phoenix customers
1376,associated table customers name phoenix
1377,associated table customers phoenix name
1378,associated table phoenix name customers
1379,associated table phoenix customers name
1380,associated customers name table phoenix
1381,associated customers name phoenix table
1382,associated customers table name phoenix
1383,associated customers table phoenix name
1384,associated customers phoenix name table
1385,associated customers phoenix table name
1386,associated phoenix name table customers
1387,associated phoenix name customers table
1388,associated phoenix table name customers
1389,associated phoenix table customers name
1390,associated phoenix customers name table
1391,associated phoenix customers table name
1392,customers name table associated phoenix
1393,customers name table phoenix associated
1394,customers name associated table phoenix
1395,customers name associated phoenix table
1396,customers name phoenix table associated
1397,customers name phoenix associated table
1398,customers table name associated phoenix
1399,customers table name phoenix associated
1400,customers table associated name phoenix
1401,customers table associated phoenix name
1402,customers table phoenix name associated
1403,customers table phoenix associated name
1404,customers associated name table phoenix
1405,customers associated name phoenix table
1406,customers associated table name phoenix
1407,customers associated table phoenix name
1408,customers associated phoenix name table
1409,customers associated phoenix table name
1410,customers phoenix name table associated
1411,customers phoenix name associated table
1412,customers phoenix table name associated
1413,customers phoenix table associated name
1414,customers phoenix associated name table
1415,customers phoenix associated table name
1416,phoenix name table associated customers
1417,phoenix name table customers associated
1418,phoenix name associated table customers
1419,phoenix name associated customers table
1420,phoenix name customers table associated
1421,phoenix name customers associated table
1422,phoenix table name associated customers
1423,phoenix table name customers associated
1424,phoenix table associated name customers
1425,phoenix table associated customers name
1426,phoenix table customers name associated
1427,phoenix table customers associated name
1428,phoenix associated name table customers
1429,phoenix associated name customers table
1430,phoenix associated table name customers
1431,phoenix associated table customers name
1432,phoenix associated customers name table
1433,phoenix associated customers table name
1434,phoenix customers name table associated
1435,phoenix customers name associated table
1436,phoenix customers table name associated
1437,phoenix customers table associated name
1438,phoenix customers associated name table
1439,phoenix customers associated table name
1440,what job instruction page phoenix
1441,what job instruction phoenix page
1442,what job page instruction phoenix
1443,what job page phoenix instruction
1444,what job phoenix instruction page
1445,what job phoenix page instruction
1446,what instruction job page phoenix
1447,what instruction job phoenix page
1448,what instruction page job phoenix
1449,what instruction page phoenix job
1450,what instruction phoenix job page
1451,what instruction phoenix page job
1452,what page job instruction phoenix
1453,what page job phoenix instruction
1454,what page instruction job phoenix
1455,what page instruction phoenix job
1456,what page phoenix job instruction
1457,what page phoenix instruction job
1458,what phoenix job instruction page
1459,what phoenix job page instruction
1460,what phoenix instruction job page
1461,what phoenix instruction page job
1462,what phoenix page job instruction
1463,what phoenix page instruction job
1464,job what instruction page phoenix
1465,job what instruction phoenix page
1466,job what page instruction phoenix
1467,job what page phoenix instruction
1468,job what phoenix instruction page
1469,job what phoenix page instruction
1470,job instruction what page phoenix
1471,job instruction what phoenix page
1472,job instruction page what phoenix
1473,job instruction page phoenix what
1474,job instruction phoenix what page
1475,job instruction phoenix page what
1476,job page what instruction phoenix
1477,job page what phoenix instruction
1478,job page instruction what phoenix
1479,job page instruction phoenix what
1480,job page phoenix what instruction
1481,job page phoenix instruction what
1482,job phoenix what instruction page
1483,job phoenix what page instruction
1484,job phoenix instruction what page
1485,job phoenix instruction page what
1486,job phoenix page what instruction
1487,job phoenix page instruction what
1488,instruction what job page phoenix
1489,instruction what job phoenix page
1490,instruction what page job phoenix
1491,instruction what page phoenix job
1492,instruction what phoenix job page
1493,instruction what phoenix page job
1494,instruction job what page phoenix
1495,instruction job what phoenix page
1496,instruction job page what phoenix
1497,instruction job page phoenix what
1498,instruction job phoenix what page
1499,instruction job phoenix page what
1500,instruction page what job phoenix
1501,instruction page what phoenix job
1502,instruction page job what phoenix
1503,instruction page job phoenix what
1504,instruction page phoenix what job
1505,instruction page phoenix job what
1506,instruction phoenix what job page
1507,instruction phoenix what page job
1508,instruction phoenix job what page
1509,instruction phoenix job page what
1510,instruction phoenix page what job
1511,instruction phoenix page job what
1512,page what job instruction phoenix
1513,page what job phoenix instruction
1514,page what instruction job phoenix
1515,page what instruction phoenix job
1516,page what phoenix job instruction
1517,page what phoenix instruction job
1518,page job what instruction phoenix
1519,page job what phoenix instruction
1520,page job instruction what phoenix
1521,page job instruction phoenix what
1522,page job phoenix what instruction
1523,page job phoenix instruction what
1524,page instruction what job phoenix
1525,page instruction what phoenix job
1526,page instruction job what phoenix
1527,page instruction job phoenix what
1528,page instruction phoenix what job
1529,page instruction phoenix job what
1530,page phoenix what job instruction
1531,page phoenix what instruction job
1532,page phoenix job what instruction
1533,page phoenix job instruction what
1534,page phoenix instruction what job
1535,page phoenix instruction job what
1536,phoenix what job instruction page
1537,phoenix what job page instruction
1538,phoenix what instruction job page
1539,phoenix what instruction page job
1540,phoenix what page job instruction
1541,phoenix what page instruction job
1542,phoenix job what instruction page
1543,phoenix job what page instruction
1544,phoenix job instruction what page
1545,phoenix job instruction page what
1546,phoenix job page what instruction
1547,phoenix job page instruction what
1548,phoenix instruction what job page
1549,phoenix instruction what page job
1550,phoenix instruction job what page
1551,phoenix instruction job page what
1552,phoenix instruction page what job
1553,phoenix instruction page job what
1554,phoenix page what job instruction
1555,phoenix page what instruction job
1556,phoenix page job what instruction
1557,phoenix page job instruction what
1558,phoenix page instruction what job
1559,phoenix page instruction job what
1560,how inspection info flows phoenix
1561,how inspection info phoenix flows
1562,how inspection flows info phoenix
1563,how inspection flows phoenix info
1564,how inspection phoenix info flows
1565,how inspection phoenix flows info
1566,how info inspection flows phoenix
1567,how info inspection phoenix flows
1568,how info flows inspection phoenix
1569,how info flows phoenix inspection
1570,how info phoenix inspection flows
1571,how info phoenix flows inspection
1572,how flows inspection info phoenix
1573,how flows inspection phoenix info
1574,how flows info inspection phoenix
1575,how flows info phoenix inspection
1576,how flows phoenix inspection info
1577,how flows phoenix info inspection
1578,how phoenix inspection info flows
1579,how phoenix inspection flows info
1580,how phoenix info inspection flows
1581,how phoenix info flows inspection
1582,how phoenix flows inspection info
1583,how phoenix flows info inspection
1584,inspection how info flows phoenix
1585,inspection how info phoenix flows
1586,inspection how flows info phoenix
1587,inspection how flows phoenix info
1588,inspection how phoenix info flows
1589,inspection how phoenix flows info
1590,inspection info how flows phoenix
1591,inspection info how phoenix flows
1592,inspection info flows how phoenix
1593,inspection info flows phoenix how
1594,inspection info phoenix how flows
1595,inspection info phoenix flows how
1596,inspection flows how info phoenix
1597,inspection flows how phoenix info
1598,inspection flows info how phoenix
1599,inspection flows info phoenix how
1600,inspection flows phoenix how info
1601,inspection flows phoenix info how
1602,inspection phoenix how info flows
1603,inspection phoenix how flows info
1604,inspection phoenix info how flows
1605,inspection phoenix info flows how
1606,inspection phoenix flows how info
1607,inspection phoenix flows info how
1608,info how inspection flows phoenix
1609,info how inspection phoenix flows
1610,info how flows inspection phoenix
1611,info how flows phoenix inspection
1612,info how phoenix inspection flows
1613,info how phoenix flows inspection
1614,info inspection how flows phoenix
1615,info inspection how phoenix flows
1616,info inspection flows how phoenix
1617,info inspection flows phoenix how
1618,info inspection phoenix how flows
1619,info inspection phoenix flows how
1620,info flows how inspection phoenix
1621,info flows how phoenix inspection
1622,info flows inspection how phoenix
1623,info flows inspection phoenix how
1624,info flows phoenix how inspection
1625,info flows phoenix inspection how
1626,info phoenix how inspection flows
1627,info phoenix how flows inspection
1628,info phoenix inspection how flows
1629,info phoenix inspection flows how
1630,info phoenix flows how inspection
1631,info phoenix flows inspection how
1632,flows how inspection info phoenix
1633,flows how inspection phoenix info
1634,flows how info inspection phoenix
1635,flows how info phoenix inspection
1636,flows how phoenix inspection info
1637,flows how phoenix info inspection
1638,flows inspection how info phoenix
1639,flows inspection how phoenix info
1640,flows inspection info how phoenix
1641,flows inspection info phoenix how
1642,flows inspection phoenix how info
1643,flows inspection phoenix info how
1644,flows info how inspection phoenix
1645,flows info how phoenix inspection
1646,flows info inspection how phoenix
1647,flows info inspection phoenix how
1648,flows info phoenix how inspection
1649,flows info phoenix inspection how
1650,flows phoenix how inspection info
1651,flows phoenix how info inspection
1652,flows phoenix inspection how info
1653,flows phoenix inspection info how
1654,flows phoenix info how inspection
1655,flows phoenix info inspection how
1656,phoenix how inspection info flows
1657,phoenix how inspection flows info
1658,phoenix how info inspection flows
1659,phoenix how info flows inspection
1660,phoenix how flows inspection info
1661,phoenix how flows info inspection
1662,phoenix inspection how info flows
1663,phoenix inspection how flows info
1664,phoenix inspection info how flows
1665,phoenix inspection info flows how
1666,phoenix inspection flows how info
1667,phoenix inspection flows info how
1668,phoenix info how inspection flows
1669,phoenix info how flows inspection
1670,phoenix info inspection how flows
1671,phoenix info inspection flows how
1672,phoenix info flows how inspection
1673,phoenix info flows inspection how
1674,phoenix flows how inspection info
1675,phoenix flows how info inspection
1676,phoenix flows inspection how info
1677,phoenix flows inspection info how
1678,phoenix flows info how inspection
1679,phoenix flows info inspection how
1680,what significance integrating messages phoenix
1681,what significance integrating phoenix messages
1682,what significance messages integrating phoenix
1683,what significance messages phoenix integrating
1684,what significance phoenix integrating messages
1685,what significance phoenix messages integrating
1686,what integrating significance messages phoenix
1687,what integrating significance phoenix messages
1688,what integrating messages significance phoenix
1689,what integrating messages phoenix significance
1690,what integrating phoenix significance messages
1691,what integrating phoenix messages significance
1692,what messages significance integrating phoenix
1693,what messages significance phoenix integrating
1694,what messages integrating significance phoenix
1695,what messages integrating phoenix significance
1696,what messages phoenix significance integrating
1697,what messages phoenix integrating significance
1698,what phoenix significance integrating messages
1699,what phoenix significance messages integrating
1700,what phoenix integrating significance messages
1701,what phoenix integrating messages significance
1702,what phoenix messages significance integrating
1703,what phoenix messages integrating significance
1704,significance what integrating messages phoenix
1705,significance what integrating phoenix messages
1706,significance what messages integrating phoenix
1707,significance what messages phoenix integrating
1708,significance what phoenix integrating messages
1709,significance what phoenix messages integrating
1710,significance integrating what messages phoenix
1711,significance integrating what phoenix messages
1712,significance integrating messages what phoenix
1713,significance integrating messages phoenix what
1714,significance integrating phoenix what messages
1715,significance integrating phoenix messages what
1716,significance messages what integrating phoenix
1717,significance messages what phoenix integrating
1718,significance messages integrating what phoenix
1719,significance messages integrating phoenix what
1720,significance messages phoenix what integrating
1721,significance messages phoenix integrating what
1722,significance phoenix what integrating messages
1723,significance phoenix what messages integrating
1724,significance phoenix integrating what messages
1725,significance phoenix integrating messages what
1726,significance phoenix messages what integrating
1727,significance phoenix messages integrating what
1728,integrating what significance messages phoenix
1729,integrating what significance phoenix messages
1730,integrating what messages significance phoenix
1731,integrating what messages phoenix significance
1732,integrating what phoenix significance messages
1733,integrating what phoenix messages significance
1734,integrating significance what messages phoenix
1735,integrating significance what phoenix messages
1736,integrating significance messages what phoenix
1737,integrating significance messages phoenix what
1738,integrating significance phoenix what messages
1739,integrating significance phoenix messages what
1740,integrating messages what significance phoenix
1741,integrating messages what phoenix significance
1742,integrating messages significance what phoenix
1743,integrating messages significance phoenix what
1744,integrating messages phoenix what significance
1745,integrating messages phoenix significance what
1746,integrating phoenix what significance messages
1747,integrating phoenix what messages significance
1748,integrating phoenix significance what messages
1749,integrating phoenix significance messages what
1750,integrating phoenix messages what significance
1751,integrating phoenix messages significance what
1752,messages what significance integrating phoenix
1753,messages what significance phoenix integrating
1754,messages what integrating significance phoenix
1755,messages what integrating phoenix significance
1756,messages what phoenix significance integrating
1757,messages what phoenix integrating significance
1758,messages significance what integrating phoenix
1759,messages significance what phoenix integrating
1760,messages significance integrating what phoenix
1761,messages significance integrating phoenix what
1762,messages significance phoenix what integrating
1763,messages significance phoenix integrating what
1764,messages integrating what significance phoenix
1765,messages integrating what phoenix significance
1766,messages integrating significance what phoenix
1767,messages integrating significance phoenix what
1768,messages integrating phoenix what significance
1769,messages integrating phoenix significance what
1770,messages phoenix what significance integrating
1771,messages phoenix what integrating significance
1772,messages phoenix significance what integrating
1773,messages phoenix significance integrating what
1774,messages phoenix integrating what significance
1775,messages phoenix integrating significance what
1776,phoenix what significance integrating messages
1777,phoenix what significance messages integrating
1778,phoenix what integrating significance messages
1779,phoenix what integrating messages significance
1780,phoenix what messages significance integrating
1781,phoenix what messages integrating significance
1782,phoenix significance what integrating messages
1783,phoenix significance what messages integrating
1784,phoenix significance integrating what messages
1785,phoenix significance integrating messages what
1786,phoenix significance messages what integrating
1787,phoenix significance messages integrating what
1788,phoenix integrating what significance messages
1789,phoenix integrating what messages significance
1790,phoenix integrating significance what messages
1791,phoenix integrating significance messages what
1792,phoenix integrating messages what significance
1793,phoenix integrating messages significance what
1794,phoenix messages what significance integrating
1795,phoenix messages what integrating significance
1796,phoenix messages significance what integrating
1797,phoenix messages significance integrating what
1798,phoenix messages integrating what significance
1799,phoenix messages integrating significance what
1800,integration messages present format phoenix
1801,integration messages present phoenix format
1802,integration messages format present phoenix
1803,integration messages format phoenix present
1804,integration messages phoenix present format
1805,integration messages phoenix format present
1806,integration present messages format phoenix
1807,integration present messages phoenix format
1808,integration present format messages phoenix
1809,integration present format phoenix messages
1810,integration present phoenix messages format
1811,integration present phoenix format messages
1812,integration format messages present phoenix
1813,integration format messages phoenix present
1814,integration format present messages phoenix
1815,integration format present phoenix messages
1816,integration format phoenix messages present
1817,integration format phoenix present messages
1818,integration phoenix messages present format
1819,integration phoenix messages format present
1820,integration phoenix present messages format
1821,integration phoenix present format messages
1822,integration phoenix format messages present
1823,integration phoenix format present messages
1824,messages integration present format phoenix
1825,messages integration present phoenix format
1826,messages integration format present phoenix
1827,messages integration format phoenix present
1828,messages integration phoenix present format
1829,messages integration phoenix format present
1830,messages present integration format phoenix
1831,messages present integration phoenix format
1832,messages present format integration phoenix
1833,messages present format phoenix integration
1834,messages present phoenix integration format
1835,messages present phoenix format integration
1836,messages format integration present phoenix
1837,messages format integration phoenix present
1838,messages format present integration phoenix
1839,messages format present phoenix integration
1840,messages format phoenix integration present
1841,messages format phoenix present integration
1842,messages phoenix integration present format
1843,messages phoenix integration format present
1844,messages phoenix present integration format
1845,messages phoenix present format integration
1846,messages phoenix format integration present
1847,messages phoenix format present integration
1848,present integration messages format phoenix
1849,present integration messages phoenix format
1850,present integration format messages phoenix
1851,present integration format phoenix messages
1852,present integration phoenix messages format
1853,present integration phoenix format messages
1854,present messages integration format phoenix
1855,present messages integration phoenix format
1856,present messages format integration phoenix
1857,present messages format phoenix integration
1858,present messages phoenix integration format
1859,present messages phoenix format integration
1860,present format integration messages phoenix
1861,present format integration phoenix messages
1862,present format messages integration phoenix
1863,present format messages phoenix integration
1864,present format phoenix integration messages
1865,present format phoenix messages integration
1866,present phoenix integration messages format
1867,present phoenix integration format messages
1868,present phoenix messages integration format
1869,present phoenix messages format integration
1870,present phoenix format integration messages
1871,present phoenix format messages integration
1872,format integration messages present phoenix
1873,format integration messages phoenix present
1874,format integration present messages phoenix
1875,format integration present phoenix messages
1876,format integration phoenix messages present
1877,format integration phoenix present messages
1878,format messages integration present phoenix
1879,format messages integration phoenix present
1880,format messages present integration phoenix
1881,format messages present phoenix integration
1882,format messages phoenix integration present
1883,format messages phoenix present integration
1884,format present integration messages phoenix
1885,format present integration phoenix messages
1886,format present messages integration phoenix
1887,format present messages phoenix integration
1888,format present phoenix integration messages
1889,format present phoenix messages integration
1890,format phoenix integration messages present
1891,format phoenix integration present messages
1892,format phoenix messages integration present
1893,format phoenix messages present integration
1894,format phoenix present integration messages
1895,format phoenix present messages integration
1896,phoenix integration messages present format
1897,phoenix integration messages format present
1898,phoenix integration present messages format
1899,phoenix integration present format messages
1900,phoenix integration format messages present
1901,phoenix integration format present messages
1902,phoenix messages integration present format
1903,phoenix messages integration format present
1904,phoenix messages present integration format
1905,phoenix messages present format integration
1906,phoenix messages format integration present
1907,phoenix messages format present integration
1908,phoenix present integration messages format
1909,phoenix present integration format messages
1910,phoenix present messages integration format
1911,phoenix present messages format integration
1912,phoenix present format integration messages
1913,phoenix present format messages integration
1914,phoenix format integration messages present
1915,phoenix format integration present messages
1916,phoenix format messages integration present
1917,phoenix format messages present integration
1918,phoenix format present integration messages
1919,phoenix format present messages integration
